平台,店铺,商品名称,抓取数据日期,sku,今日销量,近7天销量,近30天销量,平台库存,在途库存
虾皮,虾皮全托1501店,"Children'S Kitchen Toys,Simulated Food, Ice Cream Pretend Play Toy",1766744024977,zcbql-ch,0,2,2,10,0
虾皮,虾皮全托1501店,Kids Alphabet Lock Key Toy Set Car Locks Number Matching Homeschool Math Toys Word Cognition,1766744024977,zcszs,0,0,2,0,0
虾皮,虾皮全托1501店,Simulation Princess Dolls Toy Mini Cute Sleeping Baby Series Doll Cartoon Animal Toy For Kids Kawaii Dolls Girl's Gift,1766744024977,smww-6pcs,0,0,1,0,0
虾皮,虾皮全托1501店,Children's Crazy Alphabet Quick Thinking Board Game with Portuguese Word Wheel Christmas Gift,1766744024977,0123P-2,0,0,1,0,0
虾皮,虾皮全托1501店,Baby Sensory Toys Shape Sorter Cube with Colorful Fruits Activity Learning Fine Motor Skill,1766744024977,SGSSL-1,0,0,1,0,0
虾皮,虾皮全托1501店,"Remote Control Car for Kids with LED Lights & Controller, Electric Racing Vehicle for 3+ Years Old Boy and Girl Birthday Gift",1766744024977,037-bl,0,0,1,0,0
虾皮,虾皮全托1501店,"Six-Finger Lie Detector, Finger Shock Absorber Game Test, Stress Relief Prank Toy, Suitable for 11 Holidays as Gifts for Boys and Girls",1766744024977,ZCCH-H,0,0,1,0,0
虾皮,虾皮全托1501店,Ice Cream Stacking Battle Game - Fast-Paced 2 vs 2 Team Challenge for Family Parties & Kids' Competitions,1766744024977,zcbql-chdz,0,0,1,0,0
虾皮,虾皮全托1501店,"Apple Shape Number Matching Lock Toy - Kids Cognitive Math Learning Game, Ideal Birthday Gift for Ages 3+",1766744024977,KM-1,0,0,1,0,0
虾皮,虾皮全托1501店,"Six-Finger Lie Detector, Finger Shock Absorber Game Test, Stress Relief Prank Toy, Suitable for 11 Holidays as Gifts for Boys and Girls Stress Relief",1766744024977,ZCCH-H,0,0,2,0,0
虾皮,虾皮全托1501店,"High-Quality Figurine Models and Dolls of Nezha and Aobing Handsome and Cute Decorations for The Car, Birthday Gifts for Friend and Boys",1766744024977,NZ-L,0,0,1,0,0
虾皮,虾皮全托1501店,"High-Quality Figurine Models and Dolls of Nezha and Aobing Handsome and Cute Decorations for The Car, Birthday Gifts for Friend and Boys",1766744024977,AB-L,0,0,1,0,0
虾皮,虾皮全托1501店,Christmas Santa Swap Dices for Christmas Party Fun Interactive Gift Exchange Dices,1766744024977,lwtz,0,0,1,0,0
虾皮,虾皮全托1501店,Electric Duck Climbing Stairs Toy With LED Lights And Music For Kids Birthday Gift,1766744024977,JHT-668-9,0,0,1,2,0
虾皮,虾皮全托506-kedi,Home Decoration Interesting Prank Gift Middle Finger In Box Box Funny Creative Gifts Office Desk Decoration Gifts For Guests,1766744027664,ZZLH,15,258,1823,313,4
虾皮,虾皮全托506-kedi,Children'S Fun Bottle Guessing Memory Game Color Memory Beverage Match Game Exercise Brain Christmas,1766744027664,D1122,24,181,681,120,0
虾皮,虾皮全托506-kedi,"Six-Finger Lie Detector, Finger Shock Absorber Game Test, Stress Relief Prank Toy,Suitable for 11 Holidays as Gifts for Boys and Girls",1766744027664,ZCCH-H,1,3,33,15,0
虾皮,虾皮全托506-kedi,Spinning Airplane Electric Toy LED Lights Music Airplane Toys Plastic Model Aircraft Kids Christmas,1766744027664,8811-18,0,0,1,0,0
虾皮,虾皮全托506-kedi,Montessori Pull String Sensory Toys Baby Silicone Activity Toys Development Educational Toys For Baby,1766744027664,BY-688-59L,0,0,1,0,0
虾皮,虾皮全托506-kedi,Jointed Movable Action Figures Shapeshift Robot 3D Printed Character Assemble Handmade Toys Parent-Children Game Kids Gifts,1766744027664,2687-sj6,0,0,1,0,0
虾皮,虾皮全托506-kedi,Turtles Eat Beans puzzle multiplayer Parent-child interactive Board Game Kids Toys Competitive Party Games Toy for children gift,1766744027664,3398-ds,0,0,1,0,0
虾皮,虾皮全托506-kedi,"Kids' Turtle Cup Mat Toy - Scare Eyes Wide Open, Anti-Slip & Heat-Resistant, Slime & Squishy Toys Gift",1766744027664,wgbd-ye2,0,0,1,0,0
虾皮,虾皮全托506-kedi,Funny Turtle Coaster Cup Pad Creative Tea Coffee Mug Drinks Holder Tableware Decorative Novelty Ornament Home Decor,1766744027664,wgbd-ye,0,0,2,0,0
虾皮,虾皮全托506-kedi,Cute Pink Jelly Strawberry Pudding Feeding Toy Desktop Ornament Set Gift Kids Girls Birthday Party,1766744027664,TWBD,0,0,2,0,0
虾皮,虾皮全托506-kedi,Beginner Kids Sewing Kit for Dolls and Stuffed Animals - 6 Easy Felt Arts and Crafts Christmas,1766744027664,YY-12A,0,0,1,0,0
虾皮,虾皮全托506-kedi,Baby Fitness Piano Play Mat With Music & Crawling Features Christmas Gift Early Education Gifts,1766744027664,HE116-34,0,0,2,0,0
虾皮,虾皮全托506-kedi,"High-quality Figurine Models and Dolls of Nezha and Aobing.Handsome and Cute Decorations for The Car,birthday Gifts for Friend",1766744027664,NZ-L,0,0,1,0,0
虾皮,虾皮全托506-kedi,"High-quality Figurine Models and Dolls of Nezha and Aobing.Handsome and Cute Decorations for The Car,birthday Gifts for Friend",1766744027664,AB-L,0,0,1,0,0
虾皮,虾皮全托506-kedi,Children's Interactive Chessboard Game With Speed Turtle Snatching Beans Puzzle For Family Christmas,1766744027664,3398-ds,0,0,1,2,0
虾皮,虾皮全托506-kedi,Children's Lucky Games Decompression Toy Bite Fingers Toy Large sized biting hand fish Party Table Games Parent Child Interactive Toys,1766744027664,Joke-yyey,0,0,1,9,0
虾皮,虾皮全托505-qipei,Color Memory Matching Game Bottle Toy for Kids Brain Training and Sensory Play Christmas Gift,1766744029875,D1122,0,144,289,237,1
虾皮,虾皮全托505-qipei,Children's Educational Table Card Board Games Fun Portuguese Word Puzzles Crazy Alphabet Game Parent-child Enhances Vocabulary and Spelling Skills - Ideal Educational Toys,1766744029875,0123P-2,0,91,935,93,0
虾皮,虾皮全托505-qipei,Shape Sorting Sensory Cube - Fruit Learning Toy For Baby Development 6+ Months Christmas Gift ,1766744029875,SGSSL-1,0,5,43,15,0
虾皮,虾皮全托505-qipei,Parent Child Interactive Board Game With Speed Turtle Grabbing Beans Puzzle For Family Christmas,1766744029875,3398-ds,0,1,16,12,0
虾皮,虾皮全托505-qipei,Loudspeaker Keychain Small Speaker Backpack Pendant Key Chain Recording Creative Mini Ultra-small Megaphone Accessories,1766744029875,xlb-red,0,1,31,70,0
虾皮,虾皮全托505-qipei,Japanese Strawberry Pudding Toy Simulation Food for Kids Role Play Feeding Early Education Birthday,1766744029875,TWBD,1,1,5,17,0
虾皮,虾皮全托505-qipei,608PCS Orchid Bouquet Building Blocks Set - MOC Flower Potted Romantic Assembly Kit Valentine's Day,1766744029875,10311,0,0,1,0,0
虾皮,虾皮全托505-qipei,Baby Fitness Stand Toy Newborn 0-1 Year Old Baby Music  Pedal Piano Fitness Equipment Climbing Mat Toy,1766744029875,HE116-34,0,0,1,1,0
虾皮,虾皮全托505-qipei,"1 Piece Of Children'S Ice Cream Stacking Game, Simulated Food Stacking Game, Children'S Kitchen Pretend Game, Toy Gift Box, Educational Toy",1766744029875,zcbql-ch,0,0,1,0,0
虾皮,虾皮全托505-qipei,"Early Reading Sight Words Flash Cards Set, Kindergarten Preschool Kids Learning Spelling Christmas",1766744029875,QC01-B,0,0,1,1,0
虾皮,虾皮全托505-qipei,DIY Princess Makeup And Dress Up Kit For Creative Play With Pretend Beauty Accessories For Christmas,1766744029875,DP6910,0,0,1,0,0
虾皮,虾皮全托505-qipei,Kids Battle Chess Educational Toy Observation Concentration Training Fun Flip Chess Parent-Child Interactive Game Toys,1766744029875,1413-sg,0,0,1,0,0
虾皮,虾皮全托505-qipei,"Electric Toy LED Lights Music Airplane Toys, Cute Travel-Themed Gift for Birthday & Christmas",1766744029875,8811-18,0,0,1,1,0
虾皮,虾皮全托505-qipei,Brainrot Tralalero Building Blocks Set with Collector Action Figures and Bricks Play Christmas,1766744029875,849,0,0,1,1,0
虾皮,虾皮全托505-qipei,Kids Sewing Kit for Dolls and Stuffed Animals - 6 Easy Beginner Felt Crafts Activities Christmas,1766744029875,YY-12A,0,0,1,0,0
虾皮,虾皮全托505-qipei,"Fun card game, Arab Observer yoga card game, crazy body contours, fun board game card game",1766744029875,Yogi,0,0,1,0,0
虾皮,虾皮全托505-qipei,"Children's Cartoon Doll Machine for Kids, Coin Operated Play Game Claw Crane Machines with Music Light Children Toy Gift",1766744029875,TKWWJ-G,0,0,1,0,0
虾皮,虾皮全托505-qipei,Educational Tabletop Entertainment 48 Pcs Stacking Block Tower Puzzle Game - Balance Toys Christmas,1766744029875,S126-48,0,0,1,0,0
虾皮,虾皮全托505-qipei,Educational Tabletop Entertainment 48 Pcs Stacking Block Tower Puzzle Game - Balance Toys Christmas,1766744029875,S126-32,0,0,1,0,0
虾皮,虾皮全托505-qipei,Lively Dancing Light-Infused Musical Duck & Scurrying Light-Infused Musical Crab - Festive Birthday,1766744029875,TPPX-xhy,0,0,0,5,0
虾皮,虾皮全托505-qipei,"Lucky Robot Action Figure, 3D Printed Multi-Jointed Movable Robot Action Figure, Dummy Robot 13 Action Figure For Kids Adults",1766744029875,2687-sj4,0,0,0,3,0
虾皮,虾皮全托505-qipei,Fruit Flip Chess Memory Match Challenge Chess Game Strategy Board Game Logical Thinking Cognitive Parent-Child Interactive Toys,1766744029875,MZJ04-64,0,0,12,0,0
虾皮,虾皮全托505-qipei,"608pcs assembled puzzle orchid potted building block toys, Valentine's Day gift",1766744029875,10311,0,0,0,3,0
虾皮,虾皮全托503-juyule,Luminous Fidget Spinner Toy ABS Magnetic Suction Finger Gyro Stress Relief Fun Decompression Tool for Fingertip Play,1766744032997,CZJTL-bk,2,136,476,2,100
虾皮,虾皮全托503-juyule,"2025 LED Mini UFO Drone - Hand-Controlled Flying Spinner Toy for Kids & Adults, Outdoor/Indoor Hover Boomerang with Auto-Stabilization (Great Gift Idea)",1766744032997, DZJTL-bk,1,3,60,188,0
虾皮,虾皮全托503-juyule,"2025 LED Mini UFO Drone - Hand-Controlled Flying Spinner Toy for Kids & Adults, Outdoor/Indoor Hover Boomerang with Auto-Stabilization (Great Gift Idea)",1766744032997, DZJTL-re,1,11,331,55,0
虾皮,虾皮全托503-juyule,Baby Push Walker With Wheels-Learning Walking Toy For 3 years old Infants Development Christmas,1766744032997,STFJ-zye2,0,0,1,0,0
虾皮,虾皮全托503-juyule,Baby Push Walker With Wheels-Learning Walking Toy For 3 years old Infants Development Christmas,1766744032997,STFJ-zre2,0,9,74,37,0
虾皮,虾皮全托503-juyule,Kids Glowing Dancing Robo Crab Toy - Electronic Pet with Music & Lights Baby Christmas,1766744032997,TPPX-1,0,8,24,6,19
虾皮,虾皮全托503-juyule,Children'S Home Cleaning Tool Set Simulation Vacuum Cleaner Broom Cleaning Household Toys Boy And Girl Gifts,1766744032997,1022B,0,2,4,2,0
虾皮,虾皮全托503-juyule,Pull-The-Carrot Plush Educational Toy For Teething And Early Learning Birthday Gifts,1766744032997,HLX122A,0,2,2,3,0
虾皮,虾皮全托503-juyule,3D Board Game Breaking Strategy Game Logical Ability Funny Board Game Set Intellectual Toys Interact Brain Game,1766744032997,HG-JX-007-152,0,2,3,1,3
虾皮,虾皮全托503-juyule,Chain Triangle Chess Splendor Duel Board Game Strategy Game for Kids and Adults Fun Family Game Logic Chess Track Tables Game,1766744032997,LSQ-yw,0,1,4,4,0
虾皮,虾皮全托503-juyule,"Children's Educational Puzzle Set with Timer - Cognitive Development Board Game for Ages 3-6, Ideal Gift",1766744032997,A666bl,0,1,1,2,0
虾皮,虾皮全托503-juyule,"Baby Enlightenment Early Education Octopus Pulling Fun Toy,Puzzle Fun Finger Pulling Fun Toy with Pressing and Stretching",1766744032997,BY-688-59L,0,0,1,0,0
虾皮,虾皮全托503-juyule,Children'S Ice Cream Stacking Games Simulated Food Stack Up Play Kids Kitchen Pretend Play Toy Educational Toys For Gift Box,1766744032997,zcbql-ch,0,0,1,0,0
虾皮,虾皮全托503-juyule,Rotating Ball Drop Tower Stacking Game for Toddlers 1+ Years Old Educational Learning Toy Christmas,1766744032997,ZZL-mt5c3q,0,0,1,0,0
虾皮,虾皮全托503-juyule,"Transport Hauler Truck With Foldable Sliding Race Track,Transforms Into Standing T-Rex,Includes 18 Cars,Toy Vehicles Children's Birthday Christmas Gifts",1766744032997,MF-111-18B,0,0,1,0,0
虾皮,虾皮全托503-juyule,Animal Shape 3D DIY Plasticine Mold Noodle Maker Modeling Clay Kit for Kids,1766744032997,XPNMJ-22,0,0,1,0,0
虾皮,虾皮全托503-juyule,Astronaut Balance Tree Game Two-Player Family Board Puzzle Toy For Kids Party Fun Christmas Gift,1766744032997,ME-B60,0,0,1,0,0
虾皮,虾皮全托503-juyule,Automatic Sensing Obstacle Avoidance Crab Toy With Music And Light Playback Gift Christmas,1766744032997,TPPX-1,0,0,1,0,0
虾皮,虾皮全托503-juyule,"Palm Battle Machine Board Game Large Football Toy, Desktop Football Children's Cross-border Puzzle, Christmas, Thanksgiving Gift",1766744032997,ZMZQ-M-6B,0,0,1,0,0
虾皮,虾皮全托503-juyule,"Transport Hauler Truck With Foldable Sliding Race Track – Transforms Into Standing T-Rex, Includes 4/18 Scale Cars",1766744032997,MF-111-4B,0,0,1,0,0
虾皮,虾皮全托503-juyule,Light-Up Musical Crawling Crab Toy for Kids Portable Indoor Outdoor Play Christmas,1766744032997,TPPX-1,0,0,1,0,0
虾皮,虾皮全托503-juyule,"Creative And Novel Deformation Airplane Toy Combination - Multiple Themes, Gift Box Packaging - Gifts Suitable For Boys And Girls",1766744032997,LS284,0,0,1,0,0
虾皮,虾皮全托503-juyule,"Children's Chess Education: Fruit, Animal, Touching Chess, Toy Observation, Focused Training, Fun Flip Chess, Parent Child Interactive Game Toy",1766744032997,1413-sg,0,0,1,0,0
虾皮,虾皮全托503-juyule,Children'S Ice Cream Machine Toy Car Favorite Of Girls Ice Cream Production Scenarios Series Children Toys Birthday Christmas Gift For Kids,1766744032997,800-57,0,0,1,0,0
虾皮,虾皮全托503-juyule,1 Set Educational Penguin Pirate Ship Balance Game Interactive Parent-Child Pirate Boat Game Toy Balancing Stackable,1766744032997,707-61,0,0,1,0,0
虾皮,虾皮全托503-juyule,Bad Dog Chew Bone Beware of The Dog Don't Wake The Dog Parent Child Interaction Board Game Kids Funny Toy Novelty Gifts,1766744032997,EQYS-L,0,0,1,0,0
虾皮,虾皮全托503-juyule,"Felt Sewing Kit for Kids, Simple Beginner Creative Craft Art Activity with Pre-Punched Christmas",1766744032997,YY-12A,0,0,1,0,0
虾皮,虾皮全托503-juyule,"Baby Educational Learning Toys Peekaboo Switch Button Box Toddler Cause-And-Effect Toy,Activity Hide Seek Game Early Developmental Toys For Toddlers",1766744032997,DMM-dw,0,0,1,0,0
虾皮,虾皮全托503-juyule,Interactive Educational Bee Fishing Battle Game For Multi-Player Family Group Board Play Christmas,1766744032997,212-4,0,0,1,0,0
虾皮,虾皮全托503-juyule,Arabic Yoga Card Deck - Mindful Observer Game for Family Wellness & Cultural Learning,1766744032997,Yogi,0,0,1,0,0
虾皮,虾皮全托503-juyule,Woodland Animals Craft Kit Forest Creatures DIY Sewing Felt Plush Animals For Kids Beginners Educational Sewing Set Girl Art Toy,1766744032997,YY-12A,0,0,2,0,0
虾皮,虾皮全托503-juyule,3 Pcs Kawaii 11cm Simulation Rebirth Dolls Toy Mini Cute Sleeping Baby Series Doll Cartoon Animal Toy For Kids Birthday Gift,1766744032997,smww-3,0,0,2,0,0
虾皮,虾皮全托503-juyule,AE86 Mini Desktop RC Car 1:64 Drift Racing Car 2.4g Full Proportion Throttle Control Remote Control Toy,1766744032997,AE86-WH,0,0,1,0,0
虾皮,虾皮全托503-juyule,"Children'S Cartoon Cute Little Yellow Duck Toppling Toy, Baby Puzzle Exercise, Balance Guidance, Baby Crawling Toy",1766744032997,XQS2072A,0,0,1,0,0
虾皮,虾皮全托503-juyule,Children'S Board Game  Toys Gears Block Stacking Play DIY Creative Threading Game Color Cognition Educational Toys,1766744032997,010,0,0,1,3,0
虾皮,虾皮全托503-juyule,608-Piece Artificial Orchid Plant Construction Kit Assembled Puzzle Orchid Blocks Toy for Valentine's Gift,1766744032997,10311,0,0,1,7,0
虾皮,虾皮全托503-juyule,Montessori Busy Book for Toddlers with Fine Motor Skills Activities Travel Toy Airplane Christmas,1766744032997,MZBS-xl,0,0,2,0,0
虾皮,虾皮全托503-juyule,DIY Construction Marble Run Race Track Building Blocks Kids 3D Maze Ball Roll Toys Children Christmas Gift,1766744032997,8803-50,0,0,1,0,0
虾皮,虾皮全托503-juyule,Baby Crib Bell Toy Comfort Pendant Trolley Hanging Bells Educational Toys Newborn Rattles Plush Stroller Cartoon Arch Baby Car Seat Toys,1766744032997,HEMFCL-0306,0,0,1,0,0
虾皮,虾皮全托503-juyule,EPP Foam Remote Control Foam Fighter Gravity Sensing RC Drones Glider Flying Helicopter Toy Portable Durable RC Hobby Jet Plane,1766744032997,828-bl,0,0,12,0,1
虾皮,虾皮全托503-juyule,EPP Foam Remote Control Foam Fighter Gravity Sensing RC Drones Glider Flying Helicopter Toy Portable Durable RC Hobby Jet Plane,1766744032997,828-gr,0,0,1,0,1
虾皮,虾皮全托503-juyule,"Children'S Miniature Double-Door Fridge,1:12 Dollhouse Furniture Cooking Bench Refrigerator Freezer Toy",1766744032997,012-23B-wh,0,0,1,3,0
虾皮,虾皮全托503-juyule,"Children'S Miniature Double-Door Fridge,1:12 Dollhouse Furniture Cooking Bench Refrigerator Freezer Toy",1766744032997,012-23B-pk,0,0,1,0,0
虾皮,虾皮全托503-juyule,Magic Seal Sticker Book With Stamp Reward For Boys And Girls Christmas Gift,1766744032997,mfyz-xtz,0,0,1,2,0
虾皮,虾皮全托503-juyule,Coca Cola Magic Bean Fingertip Gyroscope With Easy Pull Can Puzzle Educational Christmas Gift,1766744032997,1808-26-bai,0,0,1,1,0
虾皮,虾皮全托503-juyule,Mini Building Blocks Food Fast Food 3D Model Bricks DIY Burger Fries Wine Miniature Particle Puzzle Children Assembly Toy Gifts,1766744032997,DGJM-128,0,0,0,2,0
虾皮,虾皮全托503-juyule,Wearable Shark Costume for Kids Large DIY Cardboard Playhouse with Manual for Creative Fun Birthday,1766744032997,QL002-SY,0,0,1,1,0
虾皮,虾皮全托503-juyule,Creative Birthday Gifts DIY Mini Cake Micro Blocks Children Toys Educational Toys Building Blocks With Lights,1766744032997,6087-1,0,0,1,1,0
虾皮,虾皮全托503-juyule,Dancing Light-Up Musical Duck & Escaping Light-Up Musical Crab - Festive Holiday Delight,1766744032997,TPPX-xhy,0,0,1,2,0
虾皮,虾皮全托503-juyule,Eternal Flower Bouquet Bonsai Potted Plant Micro Building Blocks Model Home Decoration Toy For Kid Birthday Gift,1766744032997,M5007,0,0,1,1,0
虾皮,虾皮全托502-xiyue,"Kids Pretend Play Kitchen Set  Stackable Ice Cream gift Toy For Educational Fun, Birthday Gift",1766744035763,zcbql-opp,4,45,450,97,100
虾皮,虾皮全托502-xiyue,"Kids Pretend Play Kitchen Set  Stackable Ice Cream gift Toy For Educational Fun, Birthday Gift",1766744035763,zcbql-ch,0,54,308,184,51
虾皮,虾皮全托502-xiyue,Kids Megaphone Toy With Voice Changer Recording Microphone Music Bullhorn Keychain Charm Christmas,1766744035763,xlb-bl,1,40,180,0,61
虾皮,虾皮全托502-xiyue,Baby Rotating Track Stacking Montessori Rolling Ball Tower Toys Early Parent Child Education Interactive Children's Toy Gifts,1766744035763,TLZZL-3c3q,0,3,11,16,0
虾皮,虾皮全托502-xiyue,Baby Rotating Track Stacking Montessori Rolling Ball Tower Toys Early Parent Child Education Interactive Children's Toy Gifts,1766744035763,TLZZL-7c7q,0,7,37,11,2
虾皮,虾皮全托502-xiyue,"Automatic Obstacle-Avoidance Crab Toy, Musical Light-Up Crawling Toy For Kids, Christmas, 1PC Random ",1766744035763,TPPX-1,3,8,165,52,4
虾皮,虾皮全托502-xiyue,Montessori Busy Board With LED Lights And Sensory Switches For Toddlers Christmas Gift,1766744035763,22-1010,0,0,5,3,0
虾皮,虾皮全托502-xiyue,Montessori Busy Board With LED Lights And Sensory Switches For Toddlers Christmas Gift,1766744035763,22-1020,0,7,15,9,3
虾皮,虾皮全托502-xiyue,Kids Desktop Competitive Games Turtles Eat Beans safe Parent-child Interaction Entertainment Game Educational Relieve Stress Toy,1766744035763,3398-ds,1,6,42,24,0
虾皮,虾皮全托502-xiyue,"Carrot Teether And Rattle Toy For Babies, Sensory Learning Baby Shower Gift Easter Birthday Kids",1766744035763,HLX121A,0,0,13,10,0
虾皮,虾皮全托502-xiyue,"Carrot Teether And Rattle Toy For Babies, Sensory Learning Baby Shower Gift Easter Birthday Kids",1766744035763,HLX122A,2,6,52,20,0
虾皮,虾皮全托502-xiyue,Alphabet Matching Locks - 26 Keys & Locks Educational Toy For Letter Number Recognition Christmas,1766744035763,ZCSZS,0,2,20,7,0
虾皮,虾皮全托502-xiyue,Alphabet Matching Locks - 26 Keys & Locks Educational Toy For Letter Number Recognition Christmas,1766744035763,ZCSZS,0,0,1,0,0
虾皮,虾皮全托502-xiyue,Alphabet Matching Locks - 26 Keys & Locks Educational Toy For Letter Number Recognition Christmas,1766744035763,KM-1-OPP,0,2,6,0,0
虾皮,虾皮全托502-xiyue,Alphabet Matching Locks - 26 Keys & Locks Educational Toy For Letter Number Recognition Christmas,1766744035763,KM-1,0,0,1,0,0
虾皮,虾皮全托502-xiyue,"608PCS Orchid Building Blocks Kit, Artificial Floral Arrangement Puzzle Toy For Home Decor Valentine's Day Gift",1766744035763,10311,0,3,12,0,0
虾皮,虾皮全托502-xiyue,"48-Piece Stackable Blocks Tower Game, Educational Balance Challenge Toy For Family Kids, Fun Party Travel Activity - Christmas Gift",1766744035763,S126-48,0,2,2,1,0
虾皮,虾皮全托502-xiyue,Children's Showerhead Shower Toy Little Yellow Duck Electric Rotating Showerhead Water Spray Baby Shower Toy,1766744035763,XWG-7,1,2,26,13,1
虾皮,虾皮全托502-xiyue,Magnetic Drawing Board for Kids Cartoon Doodle Toy with Magnetic Pen Travel Activity Easter Gift,1766744035763,LS-87,0,1,1,0,0
虾皮,虾皮全托502-xiyue,Fun Parent-Child Interactive Desktop Decryption Game Leisure Strategy Board Game Cracking Password Children's Enlightenment Toys,1766744035763,HG-JX-007-152,0,1,11,4,0
虾皮,虾皮全托502-xiyue,"Kids Memory Training Game Console - Handheld Electronic Light & Sound Toy, Interactive Brain Teaser for Early Learning",1766744035763,967-41A,0,1,6,7,0
虾皮,虾皮全托502-xiyue,"DIY Climbing Duck Toy, Electronic Musical Slide Track Coaster For Kids, Christmas",1766744035763,JHT-668-9,0,1,5,24,0
虾皮,虾皮全托502-xiyue,"Children'S Clever Calculation, Password Cracking, Logical Thinking, Intellectual Development, Desktop Game Toys",1766744035763,HG-JX-007-152,0,1,2,3,0
虾皮,虾皮全托502-xiyue,Funny Practical Joke Fight Battle Red and Blue Attack and Defense Antistress Toy Prank Interaction Table Game Toys Gift,1766744035763,GSDZ-3227,0,1,2,0,0
虾皮,虾皮全托502-xiyue,"Creative And Novel Deformation Airplane Toy Combination - Multiple Themes, Gift Box Packaging - Gifts Suitable For Boys And Girl",1766744035763,LS284,0,0,2,0,0
虾皮,虾皮全托502-xiyue,Children Cute Musical Dancing Rabbit Toy Music Guitar Walking Singing Bunny Moving Toys,1766744035763,3367B-pk,0,0,1,0,0
虾皮,虾皮全托502-xiyue,Children's Crazy Alphabet Board Game With Quick Thinking Portuguese Word Wheel For Christmas,1766744035763,0123P-2,0,0,1,0,0
虾皮,虾皮全托502-xiyue,"608pcs Orchid Building Blocks, Puzzle Orchid Pottery Building Blocks Toy, Valentine's Day Gift",1766744035763,10311,0,0,1,0,0
虾皮,虾皮全托502-xiyue,Baby Ringing Gum Can Chew Boiled Molar Teether Rattle Set Early Education Hand Rattle Infant Soothing Toy with Storage Box,1766744035763,86-1S8,0,0,1,1,0
虾皮,虾皮全托502-xiyue,"Children's Toy Rail Car Parking Lot - DIY Assembly Taxi Car Tower Doll Gift,",1766744035763,0908-68A,0,0,1,0,0
虾皮,虾皮全托502-xiyue,"Children's desktop chessboard soccer toys, 4-pall/6-pall two player soccer games, gifts for boys and girls",1766744035763,ZMZQ-M-6B,0,0,2,0,0
虾皮,虾皮全托502-xiyue,DIY Doll Sewing Kit For Kids 6 Easy Stuffed Animal Crafts Felt Art Beginner Gift Christmas,1766744035763,YY-12A,0,0,1,0,0
虾皮,虾皮全托502-xiyue,Children's Magnetic Pen Drawing Board Magnetic Bead Jigsaw Puzzle Baby Focus Training Puzzle Toy Gift,1766744035763,PXCLHB-B,0,0,0,5,0
虾皮,虾皮全托502-xiyue,"Colorful Label Bed for Infants and Young Children,Hanging Baby Comfort Toys around the Bed,Safety Seat Comfort Toys",1766744035763,H033B,0,0,1,0,0
虾皮,虾皮全托502-xiyue,Adjustable Baby Bell with Clip Mobile Hammock Educational Toy Christmas Birthday Gifts,1766744035763,HE0318,0,0,1,0,0
虾皮,虾皮全托502-xiyue,"Baby Peekaboo Switch Button Box Toddler Cause-And-Effect Toy,Activity Hide Seek Game Early Developmental Toys For Toddlers",1766744035763,DMM-dw,0,0,1,3,0
虾皮,虾皮全托502-xiyue,"DIY Building House Block Set Plastic Tile Houses Assemble Toy Miniature Size Villa Model Mini Brick Assembly , Boys And Girls Holiday Gifts",1766744035763,JNBSJM-456,0,0,1,0,0
虾皮,虾皮全托502-xiyue,Penguin Fidget Cube Montessori Sensory Toy For Fine Motor Skills And Hand Eye Coordination Christmas,1766744035763,BY207,0,0,0,1,0
虾皮,虾皮全托502-xiyue,Balance The Penguin Pirate Ship Educational Toys Funny Pirate Boat Game Toy Family Parent-Child Interaction Toy Baby Gift,1766744035763,707-61,0,0,0,5,0
虾皮,虾皮全托502-xiyue,Children'S Decompression Magic Seal Boys And Girls Cartoon Stickers Seamless Waterproof Stamp Toy Creation And Pasting At Will,1766744035763,mfyz-xtz,0,0,1,0,0
虾皮,虾皮全托502-xiyue,Children's Rotating Can Puzzle With Magic Bean Cube For Stress Relief And Fidgeting Christmas,1766744035763,1808-26-lan,0,0,2,0,0
虾皮,虾皮全托502-xiyue,Children's Rotating Can Puzzle With Magic Bean Cube For Stress Relief And Fidgeting Christmas,1766744035763,1808-26-hei,0,0,0,2,0
虾皮,虾皮全托502-xiyue,Ice Cream Machine Toy Car Favorite Of Girls Ice Cream Production Scenarios Series Children Toys Birthday Christmas Gift For Kids,1766744035763,800-57,0,0,1,0,0
虾皮,虾皮全托502-xiyue,Sparkling Dancing Lighted Musical Duck & Scampering Lighted Musical Crab - Fun Halloween Surprise,1766744037908,TPPX-xhy,0,0,1,0,0
虾皮,虾皮全托502-xiyue,Kids Kitchen Sink Dishwasher Play Set Toys Water Running Pretend Food Fishing Toys Role Play Kids Birthday Gifts Imaginative Fun,1766744037908,WD-R43,0,0,1,0,0
虾皮,虾皮全托502-xiyue,"252 Large particle plastic building blocks, children's creative assembly DIY intelligence toy gift box set, children's holiday gift",1766744037908,DKLJM-252,0,0,1,0,0
虾皮,虾皮全托502-xiyue,Children'S Shooter Basketball Shooting Machine Parent Child Duel Fun Early Education Puzzle Desktop Game Gift,1766744037908,HD-71788,0,0,1,0,0
虾皮,虾皮全托502-xiyue,46Pcs Large Safety Building Blocks Big Foam Blocks Colorful Construction Toys Kids Learning Educational Toys For Children Gifts,1766744037908,U2842-46,0,0,1,0,0
虾皮,虾皮全托502-xiyue,Kids Bouncing Ball Game Desktop Multi Player Gobang Board Game For Party Game Bouncing Ball Game,1766744037908,MNFXSLQ,0,0,1,4,0
虾皮,虾皮全托502-xiyue,754pcs Romantic Flower Bouquet Home Decoration Building Blocks Creative Plant Series Giving Girlfriends Gifts,1766744037908,10801,0,0,1,1,0
虾皮,虾皮全托502-xiyue,"Animal Finger Puppet 10Pcs- Interactive Game Toy For Color Cognitive Counting,Kids Digital Christmas",1766744037908,FXB-9,0,0,0,7,0
虾皮,虾皮全托502-xiyue,"Princess Makeup Suitcase - Kids' Cosmetic Toy Set with Nail Polish, Perfect Gift",1766744037908,778933-2,0,0,2,0,0
虾皮,虾皮全托502-xiyue,4WD Classic Cars AE86 Mini Desktop Remote Control Car 1:64 Drift Racing 2.4G Full Scale Throttle RC Boys Remote Control Toy Car,1766744037908,AE86-WH,0,0,1,4,0
虾皮,虾皮全托502-xiyue,"Indoor and outdoor children's ladybug exercise machine three in one toy, foot pedal toy, ladybug jumping rocket launcher",1766744037908,296Y,0,0,1,0,0
虾皮,虾皮全托502-xiyue,Felt Food Burger Sandwich Game Food Set (28 Pieces) Children Pretend To Play Food Sandwich Toys Children'S Kitchen Role Playing,1766744037908,5918,0,0,0,1,0
虾皮,虾皮全托502-xiyue,"Baby Cause-And-Effect Toy, Peekaboo Switch Button Box Toddler Activity Hide Seek Game Early Developmental Toys",1766744037908,DMM-dw,0,0,0,0,2
虾皮,虾皮全托502-xiyue,"Interactive Magnetic Cube Building Set -3D STEM Toys With Special Design, Sensory Blocks For Kids",1766744037908,WDSJ-50,0,0,4,1,0
虾皮,虾皮全托502-xiyue,Montessori Pull String Toy for Babies with Sensory Development and Finger Grasp Training Easter Gift,1766744037908,BY-688-59L,0,0,1,4,0
虾皮,虾皮全托502-xiyue,Children'S Timing Matching Puzzle Game Early Childhood Educational Board Game Parent-Child Interactive Concentration Toy For Boys And Girls,1766744037908,A666bl,0,0,1,2,0
虾皮,虾皮全托502-xiyue,Magnetic Train Set STEM Toys Learning Educational Number Counting Construction Building Blocks For Kids Christmas Gifts,1766744037908,J074,0,0,1,3,0
虾皮,虾皮全托502-xiyue,Simulation Cashier Counter Shopping Cart Pretend Other Toys Set Tents House Play Home Supermarket Toy,1766744037908,668-05,0,0,1,1,0
虾皮,虾皮全托502-xiyue,"Mini Magnet Fingertip Gyroscope Toy: Deformable Fingertip Gyroscope, Infinite Puzzle Cube, Relieve Stress, Multi Play Sensory Magnet, Gifts for boys and girls",1766744037908,6001-1,0,0,1,3,0
虾皮,虾皮全托502-xiyue,Baby Gym Kick And Play Piano Fitness Stand Multifunctional Educational Toy Christmas,1766744037908,B04-QQDX,0,0,1,0,1
虾皮,虾皮全托502-xiyue,Stacking Rainbow Tower And Puzzle Spinner For Kids Motor Skills Development Christmas,1766744037908,CHDDL-8,0,0,7,1,0
虾皮,虾皮全托502-xiyue,Peek A Boo Reaction Game With Interactive Sensory Play For Babies And Fun Exercise For Christmas,1766744037908,DMM-dw,0,0,1,0,0
虾皮,虾皮全托502-xiyue,Christmas Puzzle Electric Rail Car – DIY Assembling Scene Map Train Toy For Kids Fun Holiday Gift,1766744037908,1102-2,0,0,2,0,0
虾皮,虾皮全托502-xiyue,Christmas Puzzle Electric Rail Car – DIY Assembling Scene Map Train Toy For Kids Fun Holiday Gift,1766744037908,1103-2,0,0,1,0,0
虾皮,虾皮全托502-xiyue,"Mini Fridge Miniature Playhouse Toys ,Dollhouse Kitchen Accessories,Food & Furniture Models For Dollhouse Scene DIY",1766744037908,012-23B-pk,0,0,1,0,0
虾皮,虾皮全托502-xiyue,Kid Small Duck Electronic Climbing Stairs Track Toys Light Musical Slide Track Coaster Toy Baby,1766744037908,JHT-668-9,0,0,0,23,0
虾皮,虾皮全托502-xiyue,Baby Stroller Arch Toy Bouncer Toy Pram Activity Arch Toys Fine Motor Skills Toys Sensory Development,1766744037908,HEMFCL-0306,0,0,3,1,0
虾皮,虾皮全托502-xiyue,Airplane Theme Busy Board for Kids Educational Sensory Toys with Motor Skills Activities Birthday,1766744037908,MZBS-xl,0,0,1,0,0
虾皮,虾皮全托502-xiyue,1:180 Y-20 Transport Aircraft Alloy Diecast Model Toys Car with Sound Light Pull Back Doors Opened Vehice for Boy Birthday Gifts,1766744037908,CZ-y20,0,0,2,0,0
虾皮,虾皮全托502-xiyue,"DIY Mini Food Toy - Creative Milk Tea Maker Set with 18 Accessories for Kids, Christmas Birthday",1766744037908,DIYNC-18,0,0,3,0,0
虾皮,虾皮全托502-xiyue,Baby Music Play Mats Piano Gym Newborn Toys Infant Playmat Learning Education Toys 0 12 Months Tummy Time Crawling Mat Carpet,1766744037908,HLX-997-62A,0,0,8,6,0
虾皮,虾皮全托502-xiyue,Pull-Can Rubik's Cube Toy - Coca Cola Magic Bean Fingertip Gyro Spinner For Kids Stress Christmas,1766744037908,1808-26-bai,0,0,2,0,0
虾皮,虾皮全托502-xiyue,Soft Track Racing Set – DIY Assembly Children’S Car Model Kit| Soft Rubber Track Race Cars| Perfect Toys For Boys And Kids Car Toys,1766744037908,YX006-bl,0,0,0,0,3
虾皮,虾皮全托502-xiyue,Stress Relief Fidget Finger Spinner Toy Finger Gyro Magnetic Suction Fingertip Fun Decompression Toys,1766744037908,CZJTL-yg,0,0,1,3,0
虾皮,虾皮全托502-xiyue,Stress Relief Fidget Finger Spinner Toy Finger Gyro Magnetic Suction Fingertip Fun Decompression Toys,1766744037908,CZJTL-gd,0,0,5,0,0
虾皮,虾皮全托502-xiyue,"Electric Rescue Boat Toy, Floating Bath Ship With Lights For Kids, Summer",1766744037908,XFC-yw,0,0,43,0,1
虾皮,虾皮全托502-xiyue,Kids DIY Braiding Hairstyle Tool Electric Hair Braider Twist Braider Roller Hairstyle Machine Set Pretend Play Toy Girls Gifts,1766744037908,88066,0,0,0,0,1
虾皮,虾皮全托502-xiyue,Interactive Dancing Ducks & Music Crabs Toy Electronic Animal Puzzle Game For Kids Gift Christmas,1766744037908,TPPX-xhy,0,0,1,1,0
虾皮,虾皮全托502-xiyue,Developmental Toy Diy Discoloration Cherry Blossom Flower Pink Tree House Assembly Building Blocks Classic Model Bricks Sets Kid,1766744037908,HT-202,0,0,0,2,0
虾皮,虾皮全托502-xiyue,Octopus Sensory Toy for Babies with Finger Pumping and Chewing Activity for Motor Skills Christmas,1766744037908,BYH-GBP,0,0,0,3,0
虾皮,虾皮全托502-xiyue,Octopus Sensory Toy for Babies with Finger Pumping and Chewing Activity for Motor Skills Christmas,1766744037908,BYL-GBB,0,0,0,3,0
虾皮,虾皮全托502-xiyue,"Flower Bouquet Building Blocks Set with Lighted Base, Dust Cover for Home Office Desktop Valentine",1766744037908,M5009,0,0,1,1,0
虾皮,虾皮全托502-xiyue,"Flower Bouquet Building Blocks Set with Lighted Base, Dust Cover for Home Office Desktop Valentine",1766744037908,M5007,0,0,0,2,0
虾皮,虾皮全托502-xiyue,RC Racing Car Remote Control Truck with Light Smoke Spray Electric Racing Vehicle Radio Control Model Kid Gift Boy Toy,1766744037908,338-29G,0,0,1,1,0
虾皮,虾皮全托502-xiyue,Jellyfish Robot Toy Automatic Obstacle Avoidance Crawling with Light and Music for Kids - Christmas,1766744037908,HX178-fen,0,0,2,1,0
虾皮,虾皮全托502-xiyue,Jellyfish Robot Toy Automatic Obstacle Avoidance Crawling with Light and Music for Kids - Christmas,1766744037908,HX178-cheng,0,0,0,3,0
虾皮,虾皮全托502-xiyue,LED Projector Drawing Table For Kids With Art Painting Desk And Educational Learning For Christmas,1766744037908,TYY-win2,0,0,0,2,0
虾皮,虾皮全托502-xiyue,Random Color Chengke Toys Pretty 90S Nostalgic 49 Pets in One Virtual Cyber Toy Electronic Pets Toys Funny Pet Gift Play Toy,1766744037908,3072-SJ10,0,0,0,2,0
虾皮,虾皮全托502-xiyue,"Electric 2.4G Remote Control Children's Walking Electric Remote Control Toys with Spray, Light, and Sound.",1766744037908,LH-D003-ml,0,0,0,1,0
虾皮,虾皮全托502-xiyue,Montessori Baby Ice Cream Toy Set - Preschool Alphabet Learning Counting Color Sorting Christmas,1766744037908,SZ305,0,0,1,2,0
虾皮,虾皮全托502-xiyue,Montessori Baby Ice Cream Toy Set - Preschool Alphabet Learning Counting Color Sorting Christmas,1766744037908,SZ304,0,0,0,4,0
虾皮,虾皮全托502-xiyue,"Children's Orbital Inertial Sliding Head Truck Toy – Folding Catapult, Container Carrying, Birthday Gift For Boys And Girls",1766744037908,MG3021,0,0,1,1,0
虾皮,虾皮全托502-xiyue,"Children's Orbital Inertial Sliding Head Truck Toy – Folding Catapult, Container Carrying, Birthday Gift For Boys And Girls",1766744037908,MG3022,0,0,0,2,0
虾皮,虾皮全托502-xiyue,Eternal Flowers 756pcs Romantic Bouquet Building Blocks Plant Model Creative Desktop Decorations Adult Romantic Gifts For Children DIY Toys,1766744037908,10801,0,0,0,2,0
虾皮,虾皮全托502-xiyue,Children'S Desktop Puzzle Ejection Toy Two Person Ejection Fun Jumping Ball Mini Handheld Projection,1766744037908,ZC-12818,0,0,0,3,0
虾皮,虾皮全托502-xiyue,RC Fighter Airplane Mini Drone Remote Control Jet Plane Stunt Drone for Adults & Kids Toy with Light,1766744037908,828-ye,0,0,1,0,0
虾皮,虾皮全托502-xiyue,RC Fighter Airplane Mini Drone Remote Control Jet Plane Stunt Drone for Adults & Kids Toy with Light,1766744037908,828-bl,0,0,1,0,0
虾皮,虾皮全托502-xiyue,RC Fighter Airplane Mini Drone Remote Control Jet Plane Stunt Drone for Adults & Kids Toy with Light,1766744037908,828-gr,0,0,1,6,0
虾皮,虾皮全托502-xiyue,"Yoga Card Game, Crazy Contortion Fun for Parties, Arabic Games Set, Perfect Interactive Gift for Friends Family - Birthday Party Favorites",1766744037908,Yogi,0,0,0,3,0
虾皮,虾皮全托501-quzhi,Baby Montessori Sensory Toys Shape Sorter Cube Baby Toys with Colorful Fruits Activity Learning Fine Motor Skill for 1 Year Old,1766744075430,SGSSL-1,3,62,377,198,0
虾皮,虾皮全托501-quzhi,Mini Speaker Recordable Sound Portable Recordable Hanging Key Chain Funny Creative Handheld Loudspeaker for Birthday Gifts,1766744075430,xlb-red,0,21,104,42,0
虾皮,虾皮全托501-quzhi,Mini Speaker Recordable Sound Portable Recordable Hanging Key Chain Funny Creative Handheld Loudspeaker for Birthday Gifts,1766744075430,xlb-bl,0,1,96,22,14
虾皮,虾皮全托501-quzhi,"Creative 3D Plasticine Mold DIY Clay Tool Kit, Slime & Squishy Toys, Kids Educational Toy",1766744075430,XPNMJ-22,1,18,101,45,0
虾皮,虾皮全托501-quzhi,9Pcs Electric Duck Climbing Stairs Toy With Light And Music Fun Baby Toddler Gift For Christmas,1766744075430,JHT-668-9,0,11,80,63,0
虾皮,虾皮全托501-quzhi,Children's Decompression Controller Toy Gyro Rubik's Cube Game Controller Fingertip Game Creative Decompression Toys,1766744075430,ZCSBTLMF-hei,0,6,34,16,0
虾皮,虾皮全托501-quzhi,Electric Rotating Ducklings Shower Bath Toy with Soft Spray Safe & Durable for Baby Kids' Playtime Bathroom Toys Gift,1766744075430,XWG-7,0,5,24,28,0
虾皮,虾皮全托501-quzhi,Christmas Railcar Educational Toys suit DIY Assembled Scenes Build Railcar Parent-Child Interactive Christmas Gifts,1766744075430,1103-2,0,1,1,2,0
虾皮,虾皮全托501-quzhi,Christmas Railcar Educational Toys suit DIY Assembled Scenes Build Railcar Parent-Child Interactive Christmas Gifts,1766744075430,1100-2,0,3,3,0,0
虾皮,虾皮全托501-quzhi,Christmas Railcar Educational Toys suit DIY Assembled Scenes Build Railcar Parent-Child Interactive Christmas Gifts,1766744075430,1102-2,0,0,0,3,0
虾皮,虾皮全托501-quzhi,DIY Plastic Orchid Blocks - Assembleable Bouquet Decor & Valentine's Day Gift,1766744075430,10311,1,4,12,4,0
虾皮,虾皮全托501-quzhi,Game Buzzers Set 1/2/4PCS - Light & Sound Quick Answer Quiz Toys for Kids Adults Training Christmas,1766744075430,ZC808H-2,0,3,16,9,0
虾皮,虾皮全托501-quzhi,Hanging Bell Baby Stroller Bed Clip Safety Seat Hand Bell Pendant Colorful Multifunctional Soft Toys Stroller,1766744075430,HEMFCL-0306,0,2,5,1,0
虾皮,虾皮全托501-quzhi,LED Art Drawing Table For Kids Projector Painting Desk Educational Toy Set Gift Birthday,1766744075430,TYY-ye-s,0,2,5,0,0
虾皮,虾皮全托501-quzhi,"Upstream Winding Swimming Doll Simulation Doll Model, Children'S Bath And Shower Bathroom Toy",1766744075430,youshui-mn-opp,0,2,3,0,0
虾皮,虾皮全托501-quzhi,"Children'S Kitchen Toys,Simulated Food, Ice Cream, And Ice Cream Stacking Game.Children Pretend To Play With Toys, Educational",1766744075430,zcbql-ch,1,2,19,16,0
虾皮,虾皮全托501-quzhi,"STEM Building Toys For Kids, Creative Barn & Animal Construction With Safe ABS Blocks, Educational Gift",1766744075430,JM905,0,0,0,3,0
虾皮,虾皮全托501-quzhi,"STEM Building Toys For Kids, Creative Barn & Animal Construction With Safe ABS Blocks, Educational Gift",1766744075430,JM906,0,1,1,2,0
虾皮,虾皮全托501-quzhi,"STEM Building Toys For Kids, Creative Barn & Animal Construction With Safe ABS Blocks, Educational Gift",1766744075430,JM902,0,0,0,3,0
虾皮,虾皮全托501-quzhi,Funny Multi Voice Changer Amplifier 3 Different Voices Fun Toy Speaker Kids for Ideal Gift Christmas,1766744075430,619-2-pk,0,0,0,3,0
虾皮,虾皮全托501-quzhi,Funny Multi Voice Changer Amplifier 3 Different Voices Fun Toy Speaker Kids for Ideal Gift Christmas,1766744075430,619-2-rd,0,1,1,1,0
虾皮,虾皮全托501-quzhi,Funny Multi Voice Changer Amplifier 3 Different Voices Fun Toy Speaker Kids for Ideal Gift Christmas,1766744075430,619-2-gr,0,0,0,3,0
虾皮,虾皮全托501-quzhi,"Baby Suction Cup Spinner – Sensory, Puzzle Fine Motor Skill & Bath Toy For Toddlers & Infants, Perfect Gift",1766744075430,WBL-6-qw,0,1,9,9,0
虾皮,虾皮全托501-quzhi,Automatic Crawling Crab Toy With Obstacle Avoidance And Night Light For Kids Christmas Gift,1766744075430,TPPX-1,0,1,5,5,0
虾皮,虾皮全托501-quzhi,"Montessori Color & Memory Game - Educational Toy for Children to Learn Classification, Matching and Cognitive Skills",1766744075430,D1122,0,1,28,0,0
虾皮,虾皮全托501-quzhi,Baby Sensory Activity Toy With Cause And Effect Learning For Montessori Early Development &Christmas,1766744075430,DMM-dw,0,0,1,1,0
虾皮,虾皮全托501-quzhi,Baby Sensory Activity Toy With Cause And Effect Learning For Montessori Early Development &Christmas,1766744075430,DMM-jt,0,1,1,2,0
虾皮,虾皮全托501-quzhi,Children'S Timing Matching Puzzle Game Early Childhood Educational Board Game Parent-Child Interactive Concentration Toy Christmas Gifts For Boys And Girls,1766744075430,A666bl,0,1,1,3,0
虾皮,虾皮全托501-quzhi,Baby Steering Wheel Toy with Music & Lights Car Backseat Entertainment Christmas Gift,1766744075430,EC-fzfxp-HH,0,0,1,0,0
虾皮,虾皮全托501-quzhi,"Electric Track Car Toy Set, DIY Puzzle Construction With Scene Assembly, Early Educational Christmas",1766744075430,YDX019,0,0,0,1,0
虾皮,虾皮全托501-quzhi,Remote Control Car Toy RC Stunt Car 2.4G 5WD High Speed Double-sided Tumbl Drift LED Lights Gifts,1766744075430,828C-ye,0,0,1,0,0
虾皮,虾皮全托501-quzhi,"Infant and toddler spinning and pressing top puzzle toy, bathroom shower spinning toy, cartoon fingertip spinning",1766744075430,YB-11631,0,0,1,0,0
虾皮,虾皮全托501-quzhi,Animal Stamp Stickers For Kids DIY Crafts Waterproof Seamless Fun Reward Seals Toy Gift Christmas,1766744075430,mfyz-xtz,0,0,1,0,0
虾皮,虾皮全托501-quzhi,Baby Piano Play Mat With Music Keyboard Crawling Activity Rug Christmas Gift,1766744075430,HE116-34,0,0,1,5,0
虾皮,虾皮全托501-quzhi,Baby Foot Pedal Piano Fitness Stand Multifunctional Educational Toy Christmas Gift,1766744075430,HE801-XJ,0,0,1,0,0
虾皮,虾皮全托501-quzhi,"Interactive Dancing Toy - Flashing Lights & Music For Kids, Educational Baby Gift (Christmas Present)",1766744075430,YJ-3004,0,0,1,0,0
虾皮,虾皮全托501-quzhi,Baby Toy Pet Machine Box For Toddlers - Early Education Puzzle Cognitive Training Finger Christmas,1766744075430,DMMTTL,0,0,2,0,0
虾皮,虾皮全托501-quzhi,Electric RC Car 2 In 1 Transformation Robots Sports Vehicle Model Robots Boys Toys Remote Cool RC Deformation Cars Kid Toy Gifts,1766744075430,601-re,0,0,1,0,0
虾皮,虾皮全托501-quzhi,House Cleaning Tools Toys Pretend Play Broom and Mop Set Kids Cleaning Sets Housekeeping Toy for Boys Girls 11 Pcs ,1766744077933,HJ611D,0,0,0,3,0
虾皮,虾皮全托501-quzhi,"Picnic Toy Set for Boys Girls, Play Food Kitchen Play House Toys Playset Outdoor Camping Equipment Set for Kids Gift",1766744077933,877A-14,0,0,0,3,0
虾皮,虾皮全托501-quzhi,"Press And Go Inertial Fire Engineering Car – Early Educational Toy For 1-3 Years Old, Small Gift For Kids",1766744077933,1855-4,0,0,2,0,0
虾皮,虾皮全托501-quzhi,Portable Children's Diamond Drill Machine Toy for Pretend Play Beauty Salon Role-Playing Educational Fun,1766744077933,100-1-DZJ,0,0,0,3,0
虾皮,虾皮全托501-quzhi,Musical Crawling Turtle Toy With Light And Sound Remote Control For Baby Development Christmas Gift,1766744077933,HLX218A-1 ,0,0,1,5,0
虾皮,虾皮全托501-quzhi,18-Piece Mini Camping Toy Set with Pretend Play Tools for Outdoor Exploration and Role-Play Summer,1766744077933,877A-46,0,0,0,3,0
虾皮,虾皮全托501-quzhi,"Magic Bookends Bricks Assembly Building Blocks, Magic Bookends Model With Light, Bookstore Bricks Model Desktop Decoration Gift",1766744077933,3104,0,0,0,3,0
虾皮,虾皮全托501-quzhi,"Children Crazy Eyes Funny Glasses - Novelty Prank Toy Props For Kids Adults, Creative Halloween Party Glasses",1766744077933,90189-1,0,0,1,8,0
虾皮,虾皮全托501-quzhi,Mini creative potted sunflower gardenia miniature building block model for home decoration and children's toys,1766744077933,M5007,0,0,0,5,0
虾皮,虾皮全托501-quzhi,Mini creative potted sunflower gardenia miniature building block model for home decoration and children's toys,1766744077933,M5009,0,0,1,1,0
虾皮,虾皮全托501-quzhi,"Electric Track Car Toy Set, DIY Puzzle Construction With Scene Assembly, Early Educational Christmas",1766744077933,YDX019,0,0,0,1,0
虾皮,虾皮全托501-quzhi,Sensory Hedgehog Toy For Toddlers Montessori Fine Motor Skills Preschool Educational Christmas Gifts,1766744077934,eyccl-br,0,0,1,2,0
虾皮,虾皮全托501-quzhi,Sensory Hedgehog Toy For Toddlers Montessori Fine Motor Skills Preschool Educational Christmas Gifts,1766744077934,eyccl-gr,0,0,1,0,0
虾皮,虾皮全托501-quzhi,Sensory Hedgehog Toy For Toddlers Montessori Fine Motor Skills Preschool Educational Christmas Gifts,1766744077934,eyccl-bl,0,0,1,1,0
虾皮,虾皮全托501-quzhi,Baby bath toy Bath suction cup Spinning top Cartoon animal Spinning toy Montessori Educational toy Soothing children toy Gift,1766744077934,HL-4gr,0,0,0,5,0
虾皮,虾皮全托501-quzhi,FoldingTransporter 18 Car Competitive Game Roll To Eat Car Vehicle Racing Track With Mini Car Kid Gift Toy,1766744077934,MF-111-18B,0,0,1,0,0
虾皮,虾皮全托501-quzhi,13-in-1 Solar Robot Kits DIY Assembling Science Experiment Kits STEM Educational Toys for Kids Solar Powered Robotic Set,1766744077934,2115A-WS,0,0,1,0,0
虾皮,虾皮全托501-quzhi,New Soft Infant Crib Bed Stroller Toy Spiral Baby Toy For Newborns Car Seat Educational Rattles Baby Towel Bebe Toys 0-12 Months,1766744077934,H033B,0,0,1,0,0
虾皮,虾皮全托501-quzhi,Montessori Busy Book for Toddlers with Sensory Activities Preschool Learning Felt Christmas Gift,1766744077934,MZBS-xl,0,0,1,0,0
虾皮,虾皮全托501-quzhi,1 Set Pirate Boat Puzzle Desktop game toy Board Game Balance Penguin Pirate Ship for parent-child interaction Birthday gift,1766744077934,707-61,0,0,1,0,0
虾皮,虾皮全托501-quzhi,STEM Construction Sensory Toy Set Electric Rotating Gears Building Block Plate Set Puzzle Model Building Kits for Age 3+,1766744077934,401-05A,0,0,0,3,0
虾皮,虾皮全托501-quzhi,STEM Construction Sensory Toy Set Electric Rotating Gears Building Block Plate Set Puzzle Model Building Kits for Age 3+,1766744077934,401-06A,0,0,1,1,0
虾皮,虾皮全托501-quzhi,"Electric Automatic Bubble Dinosaur Soap Blowers Blowing Toy, 2-In-1 Bubble Hand Push Bubble Maker Machine Summer Bubble Toys for Kids",1766744077934,818A-2,0,0,1,1,0
虾皮,虾皮全托501-quzhi,"Electric Automatic Bubble Dinosaur Soap Blowers Blowing Toy, 2-In-1 Bubble Hand Push Bubble Maker Machine Summer Bubble Toys for Kids",1766744077934,818A-1,0,0,1,0,0
虾皮,虾皮全托501-quzhi,Children Table Toy Kids Puzzle Dessert Rotating Bath Toy Baby Early Education Bite Resistant Grip Training Hand Eye Coordination,1766744077934,J002,0,0,1,0,0
虾皮,虾皮全托501-quzhi,"Kids Skipping Rope Machine (3-in-1) – Sports Training Toy For Indoor & Outdoor Play, Active Gift Idea",1766744077934,296Y,0,0,1,0,0
虾皮,虾皮全托501-quzhi,Summer Bath Toys Cartoon Cute Duck Baby Bath Toy Press Water Gun Cultivate Color Skill Shower Toys For Baby Bathing Playing,1766744077934,218-2gr,0,0,1,0,0
虾皮,虾皮全托501-quzhi,Summer Bath Toys Cartoon Cute Duck Baby Bath Toy Press Water Gun Cultivate Color Skill Shower Toys For Baby Bathing Playing,1766744077934,218-2pi,0,0,0,2,0
虾皮,虾皮全托501-quzhi,9 PCS Set Detachable Plastic Snack Hamburger Pretend Toy Kids Kitchen Play House Food Toy,1766744077934,218-1X,0,0,1,0,0
虾皮,虾皮全托501-quzhi,Frog Eating Beans Game 2-4 Players Interactive Hunger Frog Chessboard Game Toy Family Party Game Multiplayer Competition Toy,1766744077934,CY220-4gr,0,0,1,0,0
虾皮,虾皮全托501-quzhi,"Multicolor DIY Building House Block Set Plastic Tile Houses Assemble Toy Miniature Size Villa Model Mini Brick Assembly, Boys And Girls Holiday Gifts",1766744077934,JNBSJM-456,0,0,1,0,0
虾皮,虾皮全托501-quzhi,"Launcher Air Saucer Rocket Games Duck Elephant Catching Game for kids, Outdoor Toys Sports Child Flying Disc Launcher Toys for Children",1766744077934,208-2Y,0,0,1,0,0
虾皮,虾皮全托501-quzhi,"Launcher Air Saucer Rocket Games Duck Elephant Catching Game for kids, Outdoor Toys Sports Child Flying Disc Launcher Toys for Children",1766744077934,208-1Y,0,0,0,2,0
虾皮,虾皮全托501-quzhi,"Children's bricks toys,48-Piece Stacking Blocks Tower Fun Game - Balance Puzzle Toy for Kids and Family, Educational Tabletop Activity",1766744077934,S126-48,0,0,1,0,0
虾皮,虾皮全托501-quzhi,"Kids Music Sound Telephone Sleeping Toys,Baby Phone Toy with Teether Simulation Phone Infant Early Educational Toy Kids Gifts",1766744077934,188-5Abl,0,0,1,0,0
虾皮,虾皮全托501-quzhi,"Children'S Puzzle Dessert Spinning Gyro Bath Toy For Early Childhood Education, Anti Bite Grip Strength Training, Hand Eye Coordination, Desktop Toy",1766744077934,J002,0,0,0,3,0
虾皮,虾皮全托501-quzhi,Time Travel DIY Children'S Sewing Kit Creative Handmade Hanging Ornaments Packaging Craft Supplies For Dolls And Home Decor,1766744077934,YY-12A,0,0,1,2,0
虾皮,虾皮全托501-quzhi,Kids Pitching Machine Cartoon Dinosaur Baseball Batting Machine Multipurpose Batting Practice Toys For Boys Girls,1766744077934,777-619A,0,0,0,3,0
虾皮,虾皮全托501-quzhi,Funny Parent Child Games Beware Don't Wake The Dog Gnaw Bones Board Funny Tricky Toys,1766744077934,EQYS-L,0,0,1,0,0
虾皮,虾皮全托501-quzhi,Montessori Ice Cream Stacking Game For Number Letter Matching Color Cognitive Christmas Gift,1766744077934,SZ305,0,0,0,3,0
虾皮,虾皮全托501-quzhi,Montessori Ice Cream Stacking Game For Number Letter Matching Color Cognitive Christmas Gift,1766744077934,SZ304,0,0,0,3,0
虾皮,虾皮全托501-quzhi,"Soft Rubber Track Racing Car Set – DIY Assembly Vehicle Model Kit, Fun Children’s Toy For All Seasons, Perfect Holiday Gift",1766744077934,YX006-bl,0,0,0,3,0
虾皮,虾皮全托501-quzhi,"Soft Rubber Track Racing Car Set – DIY Assembly Vehicle Model Kit, Fun Children’s Toy For All Seasons, Perfect Holiday Gift",1766744077934,YX006-rd,0,0,0,3,0
虾皮,虾皮全托501-quzhi,Fruit Style Ukulele Toy for Kids - Simulation Guitar Musical Instrument Educational Birthday Gift,1766744077934,YKLL-xg,0,0,1,0,0
虾皮,虾皮全托501-quzhi,"Suction Cup Spinner Toys, Sensory Montessori Fine Motor Skill Travel Training Toy for Christmas",1766744077934,909-1,0,0,1,0,0
虾皮,虾皮全托501-quzhi,"Transport Hauler Truck With Foldable Sliding Race Track, Transforms Into Standing T-Rex, Including 4 Cars, Toy Vehicles",1766744077934,MF-111-4B,0,0,1,0,0
虾皮,虾皮全托501-quzhi,46Pcs/Set Enlightenment DIY Foam Soft Building Blocks Environmentally Friendly EVA Creativity Children's Educational Toys,1766744077934,U2842-46,0,0,1,0,0
虾皮,虾皮全托501-quzhi,Children'S Mini Claw Arcade Crane Doll Machine Toy Catch Ball Dolls Claw Machines Game Lights Music Interactive Toys Kids Gift,1766744077934,TKWWJ-P,0,0,1,0,0
虾皮,虾皮全托501-quzhi,Montessori Rotating Rainbow Stacker Toy For Toddlers To Develop Fine Motor Skills Birthday Gifts,1766744080185,HZY-31403,0,0,1,0,0
虾皮,虾皮全托501-quzhi,Straw Constructor STEM Toys for Kids Building Kit with Colorful Straws Educational Birthday,1766744080185,XGJM-500,0,0,1,0,0
虾皮,虾皮全托501-quzhi,Mini Simulation Reborn Doll Toy Cute Sleeping Series Cute Reborn Doll Kawaii Cartoon Animal Toy Children's Gift,1766744080185,smww-6pcs,0,0,0,3,0
虾皮,虾皮全托501-quzhi,Children's Color Clay Noodle Machine DIY Play Dough Tools Ice Cream Plasticine Mold Kit Puzzle Toys for Boys Girls Birthday Gift,1766744080185,800-57,0,0,1,0,0
虾皮,虾皮全托501-quzhi,Montessori Rolling Ball Tower Toys Baby Rotating Track Stacking Early Parent Child Education Interactive Children's Toy Gifts,1766744080185,TLZZL-5c5q,0,0,1,7,0
虾皮,虾皮全托501-quzhi,Electric Dishwasher Playing Toy for Kids Realistic Kitchen Set Play Sink With Running Water Toys Pretend Play Kitchen Sink Toys,1766744080185,H364A,0,0,0,3,0
虾皮,虾皮全托501-quzhi,Electric Dishwasher Playing Toy for Kids Realistic Kitchen Set Play Sink With Running Water Toys Pretend Play Kitchen Sink Toys,1766744080185,H364A-gr,0,0,0,1,0
虾皮,虾皮全托501-quzhi,Japanese Pudding Toy Food Feeding Toys Role Play Early Education Strawberry Pudding Toy Pretend Play House Toys Desktop Ornament,1766744080185,TWBD,0,0,1,14,0
虾皮,虾皮全托501-quzhi,Halloween Winding Dancing Toys With Magic Distortion Effects Pumpkin Festival Gifts,1766744080185,2501,0,0,0,3,0
虾皮,虾皮全托501-quzhi,Halloween Winding Dancing Toys With Magic Distortion Effects Pumpkin Festival Gifts,1766744080185,2502,0,0,0,2,0
虾皮,虾皮全托501-quzhi,Halloween Winding Dancing Toys With Magic Distortion Effects Pumpkin Festival Gifts,1766744080185,2503,0,0,0,3,0
虾皮,虾皮全托501-quzhi,Halloween Winding Dancing Toys With Magic Distortion Effects Pumpkin Festival Gifts,1766744080185,2504-1,0,0,0,3,0
虾皮,虾皮全托501-quzhi,"Kid 3-In-1 Sport Equipment – Adjustable Skipping Rope Machine, Ferrule Game & Somatosensory Training Toy For Indoor Outdoor Use",1766744080185,296Y,0,0,1,0,0
虾皮,虾皮全托501-quzhi,Baby Crib Mobile With Lights Music Projection For Infants 0-6 Months Remote Control Crib Toys For Newborn Baby Mobile For Crib,1766744080185,RT668-15pk,0,0,2,0,0
虾皮,虾皮全托501-quzhi,Dancing Duckling Toy With Interactive Motion And Dynamic Music For Kids Christmas Celebration Gift,1766744080185,YJ-3004,0,0,1,0,0
虾皮,虾皮全托501-quzhi,"Baby Bath Toys,Automatic Spray Water Frogs, Light Up Bath Time Toys, Bathtub Pool Water Sprinkler Toy for Kids",1766744080185,7900Q,0,0,1,1,0
虾皮,虾皮全托501-quzhi,Hide And Seek Sensory Toy For Montessori Education And Parent-Child Interactive Learning Birthday,1766744080185,DMM-dw,0,0,0,2,0
虾皮,虾皮全托501-quzhi,Children's Interactive Dancing Ducks & Music Crabs Toy Electronic Animal Puzzle Kids Gift Christmas,1766744080185,TPPX-xhy,0,0,1,11,0
虾皮,虾皮全托501-quzhi,"Press-To-Panicked Turtle Coaster – Gaping Eyes, Creative Turtle Base, Funny Expression, Anti-Scald Desktop Mat",1766744080185,wgbd-ye,0,0,1,0,0
虾皮,虾皮全托501-quzhi,"Press-To-Panicked Turtle Coaster – Gaping Eyes, Creative Turtle Base, Funny Expression, Anti-Scald Desktop Mat",1766744080185,wgbd-ye2,0,0,1,2,0
虾皮,虾皮全托501-quzhi,Children's Soft Rubber Track Racing Set – DIY Assembly Car Model Holiday Gifts For Boys And Girls,1766744080185,YX006-bl,0,0,0,3,0
虾皮,虾皮全托501-quzhi,"1Pcs Wind-Up Scarab Beetle Toy, Bionic Animated Insect Model for Prank & Dollhouse Decoration, Creative Plastic Animal Toy Gift",1766744080185,169B-1-MH,0,0,0,2,0
虾皮,虾皮全托501-quzhi,"1Pcs Wind-Up Scarab Beetle Toy, Bionic Animated Insect Model for Prank & Dollhouse Decoration, Creative Plastic Animal Toy Gift",1766744080185,slpc-lan,0,0,0,3,0
虾皮,虾皮全托501-quzhi,"1Pcs Wind-Up Scarab Beetle Toy, Bionic Animated Insect Model for Prank & Dollhouse Decoration, Creative Plastic Animal Toy Gift",1766744080185,slpc-lv,0,0,0,3,0
虾皮,虾皮全托501-quzhi,"1Pcs Wind-Up Scarab Beetle Toy, Bionic Animated Insect Model for Prank & Dollhouse Decoration, Creative Plastic Animal Toy Gift",1766744080185,slpc-cheng,0,0,0,3,0
虾皮,虾皮全托501-quzhi,"1Pcs Wind-Up Scarab Beetle Toy, Bionic Animated Insect Model for Prank & Dollhouse Decoration, Creative Plastic Animal Toy Gift",1766744080185,slpc-hong,0,0,0,3,0
虾皮,虾皮全托501-quzhi,Stacking Cup Speed Game with Challenge Cards for Color Recognition and Logic Family Party Christmas,1766744080185,SRDDB-L,0,0,2,2,0
虾皮,虾皮全托501-quzhi,Simulated Facial Recognition Password Unlocking Money Bank ATM Machine Money Bank Children's Toys,1766744080185,YD-8010P,0,0,1,2,0
虾皮,虾皮全托501-quzhi,Simulated Facial Recognition Password Unlocking Money Bank ATM Machine Money Bank Children's Toys,1766744080185,YD-8010B,0,0,1,6,0
虾皮,虾皮全托501-quzhi,"Christmas Slide Toy Electric Track Slide Roller Coaster Playset,Santa With LED Lights And Music",1766744080185,668-29,0,0,1,0,0
虾皮,虾皮全托501-quzhi,"Christmas Slide Toy Electric Track Slide Roller Coaster Playset,Santa With LED Lights And Music",1766744080185,668-11-1,0,0,2,2,0
虾皮,虾皮全托501-quzhi,"Mini Magnetic Fingertip Gyro Toy, Deformable Infinity Cube for Stress Relief, Sensory Fidget Gift for Kids Adults - 11 Holiday Present Idea",1766744080185,6001,0,0,0,3,0
虾皮,虾皮全托501-quzhi,Digital Matching House Toy Montessori Animal Finger Puppets 10Pcs Christmas Gift Children Birthday,1766744080185,FXB-9,0,0,0,3,0
虾皮,虾皮全托501-quzhi,Montessori Educational Learning Toys Interactive Activity Sensory Toy For Babies Cause And Effect Toy Baby Development Games,1766744080185,DMM-dw,0,0,3,2,0
虾皮,虾皮全托501-quzhi,Speech Therapy Flash Cards - 107 Talking Words Learning Game For Toddlers 2-6 Years (Christmas Gift),1766744080185,HJKPJ-P6,0,0,2,0,0
虾皮,虾皮全托501-quzhi,Baby Activity Gym with Piano Mat - Music & Crawling Play for 0-36 Months,1766744080185,HE0631,0,0,1,2,0
虾皮,虾皮全托501-quzhi,Baby Shape Sorter Cube with Fruit Recognition - Early Learning Toy for Fine Motor Skills Christmas,1766744080185,SGSSL-2,0,0,5,14,0
虾皮,虾皮全托501-quzhi,Montessori Busy Board With Light Switch Sensory Toy For Toddlers Kids Birthday,1766744080185,22-1020,0,0,1,2,0
虾皮,虾皮全托501-quzhi,Mini Capsule Toy Vending Machine Backpack Capybara Twisted Egg Machine with Random Surprise Eggs Gashapon Toy Birthday Gift,1766744080185,ndj-311-197,0,0,0,0,3
虾皮,虾皮全托501-quzhi,Simulation Computer Voice Point Reading Machine Cognitive Skills Preschool Language Simulation Mini Tablet Learning Pad,1766744080185,16343-1-pk,0,0,0,0,3
虾皮,虾皮全托501-quzhi,Simulation Computer Voice Point Reading Machine Cognitive Skills Preschool Language Simulation Mini Tablet Learning Pad,1766744080185,16343-1-bl,0,0,0,0,3
虾皮,虾皮全托501-quzhi,Potted Flower Matching Puzzle Toy For Early Childhood Education Thinking Skill Training Christmas,1766744080185,YX008A,0,0,0,3,0
虾皮,虾皮全托501-quzhi,Potted Flower Matching Puzzle Toy For Early Childhood Education Thinking Skill Training Christmas,1766744080185,YX008,0,0,1,2,0
虾皮,虾皮全托501-quzhi,Montessori Plush Pulling Carrot Toy For Baby Early Learning And Interactive Play Birthday Gifts,1766744080185,HLX121A,0,0,2,0,0
虾皮,虾皮全托501-quzhi,Montessori Plush Pulling Carrot Toy For Baby Early Learning And Interactive Play Birthday Gifts,1766744080185,HLX122A,0,0,2,1,0
虾皮,虾皮全托501-quzhi,Magic Bean Cube Rotating Can Fidget Toy Educational Stress Relief Gift for Kids Christmas,1766744080185,1808-26-hei,0,0,4,0,0
虾皮,虾皮全托501-quzhi,Magic Bean Cube Rotating Can Fidget Toy Educational Stress Relief Gift for Kids Christmas,1766744080185,1808-26-lan,0,0,1,0,0
虾皮,虾皮全托501-quzhi,1:64 Ae86 Desktop Mini Remote Control Racing Drift Car 2.4g Full Proportional Throttle Rc Four-Wheel Drive Toy Car Boy Gift,1766744080185,AE86-WH,0,0,1,1,0
虾皮,虾皮全托501-quzhi,"Calming Sensory Spinner | Portable Stress Relief Toy for Kids, Teens & Adults, Travel Anxiety Aid & Festive Gift",1766744080185,CZJTL-rd,0,0,30,0,0
虾皮,虾皮全托501-quzhi,Fine Motor Skills Busy Cube Montessori Sensory Toy Foldable Activity Board for Infants Christmas,1766744080185,MT033584,0,0,3,0,0
虾皮,虾皮全托501-quzhi,Alphabet Number Locks Keys Toy Set Montessori Matching Game For Early Childhood Education Christmas,1766744080185,ZCZMS-1pcs,0,0,7,7,0
虾皮,虾皮全托501-quzhi,Alphabet Number Locks Keys Toy Set Montessori Matching Game For Early Childhood Education Christmas,1766744080185,KM-1pcs,0,0,9,4,0
虾皮,虾皮全托501-quzhi,Alphabet Number Locks Keys Toy Set Montessori Matching Game For Early Childhood Education Christmas,1766744080185,ZCSZS-1pcs,0,0,25,18,0
虾皮,虾皮全托501-quzhi,Children's Simulated Cleaning Toys Pretend To Play Cleaning Sets And Household Hygiene Simulati on Broom Vacuum Cleaner Tool Toys,1766744080185,667-60,0,0,1,0,0
虾皮,虾皮全托501-quzhi,"Multiple styles of new products for parent-child interaction and comfort, simulated enamel baby doll, children's soft rubber doll (with complete certificates)",1766744080185,20803-opp,0,0,0,1,0
虾皮,虾皮全托501-quzhi,Stroller Arch Toy Bouncer Toy Pram Activity Arch Toys Fine Motor Skills Toys Baby Sensory Development,1766744080185,HEMFCL-0306,0,0,1,2,0
虾皮,虾皮全托501-quzhi,"Micro Mini Bricks Animal Building Sets, 3D Wall Art Chameleon Building Blocks Set for Unique Home Décor Table Display Wall Decoration",1766744080185,668-108,0,0,0,1,0
虾皮,虾皮全托501-quzhi,"Morphed Track Ejection Toy – 4 Alloy Car Models, Tyrannosaurus Transport Truck Game, Boys' Birthday Gift",1766744080185,MF-111-4B,0,0,1,2,0
虾皮,虾皮全托501-quzhi,Newborn Can Chew Boiled Molar Teether Rattle Set Early Education Hand Rattle Infant Soothing Toy with Storage Box,1766744080185,86-1S8,0,0,0,2,0
虾皮,虾皮全托501-quzhi,Baby Bath Toy Textured Multi Massage Ball Soft Hands Touch Balls Set Infant Tactile Senses Development Toys BabiesTraining Game,1766744080185,SW-1124D-ls,0,0,0,3,0
虾皮,虾皮全托501-quzhi,Baby Stroller Bed Clip Safety Seat Hand Bell Pendant Colorful Multifunctional Soft Toys Stroller,1766744080185,HEMFCL-0306,0,0,1,2,0
虾皮,虾皮全托501-quzhi,Eternal Flowers Rose Bouquet Building Blocks Plant Model Creative Desktop Decorations Adult Romantic Gifts For DIY Toys,1766744080185,10801,0,0,0,3,0
虾皮,虾皮全托501-quzhi,Cartoon Musical Dancing Toy With Lights And Sound For Preschool Learning And Christmas Celebration,1766744080185,TPPX-mfhy,0,0,0,3,0
虾皮,虾皮全托501-quzhi,Magnetic Drawing Board for Kids with Pen and Cartoon Stamps for Creative Learning and Fun Easter,1766744080185,LS-87,0,0,0,2,0
虾皮,虾皮全托501-quzhi,Kid Skipping Rope Machine Ferrule Game Adjustable Sport Machine Somatosensory Training Toy Indoor Outdoor Sport Equipment,1766744080185,296Y,0,0,0,2,0
虾皮,虾皮全托501-quzhi,Light-Flashing Musical Duck & Crab Toys – Perfect Christmas Gifts For Kids,1766744080185,TPPX-xhy,0,0,0,3,0
虾皮,虾皮全托501-quzhi,28PCS Felt Food Burger Sandwich Food Set Children Pretend To Play Food Sandwich Toys Children'S Kitchen Role Playing Gifts,1766744080185,5918,0,0,0,3,0
虾皮,虾皮全托501-quzhi,Electric Duck DIY Rail Racing Tracks Roller Coaster Toys Set Light Music Educational Toy For Kids Gift,1766744080185,JHT-668-9,0,0,1,9,0
虾皮,虾皮全托501-quzhi,"Baby Music Activity Mat, Fitness Stand, Equipped With Interactive Pedal Piano, Newborn Baby Gift",1766744080185,HE116-34B,0,0,0,1,0
虾皮,虾皮全托501-quzhi,"Baby Music Activity Mat, Fitness Stand, Equipped With Interactive Pedal Piano, Newborn Baby Gift",1766744080185,HE116-34,0,0,0,3,0
虾皮,虾皮全托501-quzhi,"Baby Music Activity Mat, Fitness Stand, Equipped With Interactive Pedal Piano, Newborn Baby Gift",1766744080185,518B-05,0,0,0,2,0
虾皮,虾皮全托501-quzhi,6Pcs Baby Toys Sensory Balls For Children Textured Hand Touch Ball Soft Massage Ball Infant Rattle Senses Toys Educational Bath,1766744080185,SW-1124D-ls,0,0,0,7,1
虾皮,虾皮全托501-quzhi,"Rainbow Gears Stacking Toy, Montessori Sensory Fine Motor Skills Activity with Spinning Christmas",1766744080185,CHDDL-8,0,0,0,2,0
虾皮,虾皮全托501-quzhi,Montessori Busy Board Toy With Cloud Shape Sensory Activity For Fine Motor Skills And Christmas Gift,1766744080185,MT033583,0,0,1,2,0
虾皮,虾皮全托501-quzhi,DIY 3D Magnetic Building Blocks Cube Random Magnet Set for Kids Construction Toys Christmas Birthday Gifts,1766744080185,WDSJ-50,0,0,0,3,0
虾皮,虾皮全托501-quzhi,Light-Flashing Musical Duck Toy & Fleeing Light-Flashing Musical Crab - Perfect Christmas Gift,1766744080185,TPPX-xhy,0,0,2,5,0
虾皮,虾皮全托501-quzhi,"Kids' Foldable Storage Deformable Truck Toy – Launch Track, Inertial Transport, Seasonal Gift For Boys",1766744080185,MG3021,0,0,0,2,0
虾皮,虾皮全托501-quzhi,"Kids' Foldable Storage Deformable Truck Toy – Launch Track, Inertial Transport, Seasonal Gift For Boys",1766744080185,MG3022,0,0,0,2,0
虾皮,虾皮全托501-quzhi,Simulation supermarket red cash register cart shelf set fun toy pretend play imitate cashier salesclerk gift,1766744080185,668-05,0,0,1,1,0
虾皮,虾皮全托501-quzhi,252pcs Large particle plastic building block gift box set for children's creative assembly DIY puzzle early education intellectual toys,1766744080185,DKLJM-252,0,0,0,2,0
虾皮,虾皮全托501-quzhi,Creative Retro Camera Small Particle Building Block Mini Bricks Kids Educational Toys For Girls Valentine's Day Gift,1766744080185,2211,0,0,0,3,0
虾皮,虾皮全托501-quzhi,Colorful Sakura Oriental cherry Building Blocks Rainbow Tree House Bricks Ornaments Kids Educational DIY Toys Girl Holiday Gifts,1766744080185,HT-202,0,0,0,2,0
虾皮,虾皮全托501-quzhi,Kids LED Projector Drawing Table with Sketch Pad and Stencils for Educational Art Learning Birthday,1766744080185,TYY-win2,0,0,0,2,0
虾皮,虾皮全托501-quzhi,Random Color 10 Pcs Electronic Pet Game Hearts 90S Nostalgic Virtual E-Pet Interactive Toys,1766744080185,3072-SJ10,0,0,2,7,0
虾皮,虾皮全托501-quzhi,Falling Sticks Catching Game For Kids Reaction Training Reflex Challenge Christmas Birthday Gifts,1766744080185,HM-26,0,0,0,3,0
虾皮,虾皮全托501-quzhi,Falling Sticks Catching Game For Kids Reaction Training Reflex Challenge Christmas Birthday Gifts,1766744080185,HM-24-lv,0,0,0,3,0
虾皮,虾皮全托501-quzhi,Falling Sticks Catching Game For Kids Reaction Training Reflex Challenge Christmas Birthday Gifts,1766744080185,HM-24-h,0,0,0,3,0
虾皮,虾皮全托501-quzhi,756pcs Romantic Flower Bouquet Building Blocks Creative Home Desk Plant Decoration Assemble Sending Girlfriend Party Gifts,1766744080185,10801,0,0,0,2,0
虾皮,虾皮全托501-quzhi,"Baby Puzzle Fun Finger Pumping Toys, Safe Chew Sensory Teething Grasping Activity Development Toy",1766744080185,BYH-GBP,0,0,0,3,0
虾皮,虾皮全托501-quzhi,"Baby Puzzle Fun Finger Pumping Toys, Safe Chew Sensory Teething Grasping Activity Development Toy",1766744080185,BYL-GBB,0,0,0,3,0
虾皮,虾皮全托501-quzhi,Seesaw Battle Game With Tilt Shout Board For Table Top Family Entertainment And Christmas Holiday,1766744080185,6602,0,0,1,0,0
虾皮,虾皮全托501-quzhi,Children's Memory Match Game Bottle Color Brain Puzzle Toy For Christmas Gifts,1766744080185,D1122,0,0,20,0,0
虾皮,虾皮全托501-quzhi,Rotating Magic Bean Cube Can With Fidget Toy And Stress Relief Design For Educational Christmas Gift,1766744080185,1808-26-bai,2,0,1,0,0
